0,-17,ePFNXLtj8C97cgXSG+brXThYg3I=,t3Dwp4wZusxfDpGswUP9BnHMDPE=
1,-17,ePFNXLtj8C97cgXSG+brXThYg3I=,t3Dwp4wZusxfDpGswUP9BnHMDPE=
2,-17,ePFNXLtj8C97cgXSG+brXThYg3I=,t3Dwp4wZusxfDpGswUP9BnHMDPE=
3,-17,ePFNXLtj8C97cgXSG+brXThYg3I=,ydPA23GF/9yhGOoodIwzbwXtIuI=
4,-17,ePFNXLtj8C97cgXSG+brXThYg3I=,XLoPGadfPWnkGLKmJ/S3a+wB8EI=
5,-17,ePFNXLtj8C97cgXSG+brXThYg3I=,XLoPGadfPWnkGLKmJ/S3a+wB8EI=
6,-17,ePFNXLtj8C97cgXSG+brXThYg3I=,XLoPGadfPWnkGLKmJ/S3a+wB8EI=
7,-17,ePFNXLtj8C97cgXSG+brXThYg3I=,Y00rwMhLI4EPADYmkOThqYmfFS8=
8,-17,ePFNXLtj8C97cgXSG+brXThYg3I=,dZW3Wxcwo94gttDTupXnr6p55fw=
9,-17,ePFNXLtj8C97cgXSG+brXThYg3I=,dZW3Wxcwo94gttDTupXnr6p55fw=
10,-17,ePFNXLtj8C97cgXSG+brXThYg3I=,dZW3Wxcwo94gttDTupXnr6p55fw=
11,-17,ePFNXLtj8C97cgXSG+brXThYg3I=,dZW3Wxcwo94gttDTupXnr6p55fw=
12,-17,ePFNXLtj8C97cgXSG+brXThYg3I=,dZW3Wxcwo94gttDTupXnr6p55fw=
13,-17,ePFNXLtj8C97cgXSG+brXThYg3I=,dZW3Wxcwo94gttDTupXnr6p55fw=
14,-17,ePFNXLtj8C97cgXSG+brXThYg3I=,mpbDkf7RicQckAyAMIVvcXopOuw=
0,-16,ePFNXLtj8C97cgXSG+brXThYg3I=,lDglZ72CjmT5rSJdwP1yUp7d0mA=
1,-16,ePFNXLtj8C97cgXSG+brXThYg3I=,+XlEY81Uk1unmVDwQ8hmWVG8rH8=
2,-16,ePFNXLtj8C97cgXSG+brXThYg3I=,ajiTHwtYxUIU2HY92vxD1UApHDg=
3,-16,ePFNXLtj8C97cgXSG+brXThYg3I=,ajiTHwtYxUIU2HY92vxD1UApHDg=
4,-16,ePFNXLtj8C97cgXSG+brXThYg3I=,CdGXdalFGh0eN9xbVywromt4Rj0=
5,-16,ePFNXLtj8C97cgXSG+brXThYg3I=,ULhzi8tNQWj6xz2ieXFilNkNG4E=
6,-16,ePFNXLtj8C97cgXSG+brXThYg3I=,O8WyxIlVUojePbSHSjvRRlVViQ0=
7,-16,ePFNXLtj8C97cgXSG+brXThYg3I=,O8WyxIlVUojePbSHSjvRRlVViQ0=
8,-16,ePFNXLtj8C97cgXSG+brXThYg3I=,gVcaGWBPaMjS4sFwpbg/1ZdaE0M=
9,-16,ePFNXLtj8C97cgXSG+brXThYg3I=,CbgKcTiUg49q4tIakLzJj8+LrvM=
10,-16,ePFNXLtj8C97cgXSG+brXThYg3I=,szMDETk5k5qcE+TJoLuRmDIaQr4=
11,-16,ePFNXLtj8C97cgXSG+brXThYg3I=,szMDETk5k5qcE+TJoLuRmDIaQr4=
12,-16,ePFNXLtj8C97cgXSG+brXThYg3I=,szMDETk5k5qcE+TJoLuRmDIaQr4=
13,-16,ePFNXLtj8C97cgXSG+brXThYg3I=,rc/plmqGmN1ViU65sCd1gLr+qAY=
14,-16,ePFNXLtj8C97cgXSG+brXThYg3I=,wRQhJQesWRpzxWqgL34SZoEEhYY=
0,-15,hQULjobaMN4NEeOtBqvr8MoId+k=,lDglZ72CjmT5rSJdwP1yUp7d0mA=
1,-15,hQULjobaMN4NEeOtBqvr8MoId+k=,SgNrA/eW4+Qy0GUJtJn87cZga1w=
2,-15,hQULjobaMN4NEeOtBqvr8MoId+k=,bXFg1KMA5KEF6TDrXgc0TlR4toU=
3,-15,hQULjobaMN4NEeOtBqvr8MoId+k=,bXFg1KMA5KEF6TDrXgc0TlR4toU=
4,-15,hQULjobaMN4NEeOtBqvr8MoId+k=,QwXSqoFEKkplYPYvSwzkKCDozUM=
5,-15,hQULjobaMN4NEeOtBqvr8MoId+k=,O8WyxIlVUojePbSHSjvRRlVViQ0=
6,-15,hQULjobaMN4NEeOtBqvr8MoId+k=,O8WyxIlVUojePbSHSjvRRlVViQ0=
7,-15,hQULjobaMN4NEeOtBqvr8MoId+k=,O8WyxIlVUojePbSHSjvRRlVViQ0=
8,-15,hQULjobaMN4NEeOtBqvr8MoId+k=,I97fBKtvDwHiRcIuqSDv1k3vS8Y=
9,-15,hQULjobaMN4NEeOtBqvr8MoId+k=,1LAjegalcTsiXCc3z/ERNEY0stk=
10,-15,hQULjobaMN4NEeOtBqvr8MoId+k=,B/2ukYqXe+JMKwXdwmaoxG1pXjM=
11,-15,hQULjobaMN4NEeOtBqvr8MoId+k=,B/2ukYqXe+JMKwXdwmaoxG1pXjM=
12,-15,hQULjobaMN4NEeOtBqvr8MoId+k=,sWpEuFgWHI2tUOo5afTvISvdW3w=
13,-15,hQULjobaMN4NEeOtBqvr8MoId+k=,ViGiKN6D/vLtFa9EHWxf29eUSiY=
14,-15,hQULjobaMN4NEeOtBqvr8MoId+k=,wRQhJQesWRpzxWqgL34SZoEEhYY=
0,-14,hQULjobaMN4NEeOtBqvr8MoId+k=,yYqJ7YX087D/LqTZ3OQG0wAQpo8=
1,-14,hQULjobaMN4NEeOtBqvr8MoId+k=,xdEjBjISAP3+HMuVaWv9YB9LyAc=
2,-14,hQULjobaMN4NEeOtBqvr8MoId+k=,bXFg1KMA5KEF6TDrXgc0TlR4toU=
3,-14,hQULjobaMN4NEeOtBqvr8MoId+k=,bXFg1KMA5KEF6TDrXgc0TlR4toU=
4,-14,hQULjobaMN4NEeOtBqvr8MoId+k=,QwXSqoFEKkplYPYvSwzkKCDozUM=
5,-14,hQULjobaMN4NEeOtBqvr8MoId+k=,O8WyxIlVUojePbSHSjvRRlVViQ0=
6,-14,hQULjobaMN4NEeOtBqvr8MoId+k=,O8WyxIlVUojePbSHSjvRRlVViQ0=
7,-14,hQULjobaMN4NEeOtBqvr8MoId+k=,O8WyxIlVUojePbSHSjvRRlVViQ0=
8,-14,hQULjobaMN4NEeOtBqvr8MoId+k=,I97fBKtvDwHiRcIuqSDv1k3vS8Y=
9,-14,hQULjobaMN4NEeOtBqvr8MoId+k=,SiGeK70Uah+xd3CvaI/mHohDB+M=
10,-14,hQULjobaMN4NEeOtBqvr8MoId+k=,o7yZnjLi0rEBhi3xyDdbRicDAa8=
11,-14,hQULjobaMN4NEeOtBqvr8MoId+k=,o7yZnjLi0rEBhi3xyDdbRicDAa8=
12,-14,hQULjobaMN4NEeOtBqvr8MoId+k=,kparjWzm4qs/sQF9orXyJ8IxTNE=
13,-14,hQULjobaMN4NEeOtBqvr8MoId+k=,ViGiKN6D/vLtFa9EHWxf29eUSiY=
14,-14,hQULjobaMN4NEeOtBqvr8MoId+k=,wRQhJQesWRpzxWqgL34SZoEEhYY=
0,-13,hQULjobaMN4NEeOtBqvr8MoId+k=,w/hmKLIl6ZvTc+b+6YyOaS9gTaE=
1,-13,hQULjobaMN4NEeOtBqvr8MoId+k=,h5vgFBUPLY1/o6JIZiUqQkLEcTw=
2,-13,hQULjobaMN4NEeOtBqvr8MoId+k=,N1Y9/uB2mNh0rP8SIk2EHYvxU14=
3,-13,hQULjobaMN4NEeOtBqvr8MoId+k=,N1Y9/uB2mNh0rP8SIk2EHYvxU14=
4,-13,hQULjobaMN4NEeOtBqvr8MoId+k=,aVVejIK2pL6/ZMszZhKvQNiL6D4=
5,-13,hQULjobaMN4NEeOtBqvr8MoId+k=,3at0gzSirf+5Iwbzl0efUYS0+jY=
6,-13,hQULjobaMN4NEeOtBqvr8MoId+k=,npE6xb/so1DkBAyh18yuVdqxUjo=
7,-13,hQULjobaMN4NEeOtBqvr8MoId+k=,O8WyxIlVUojePbSHSjvRRlVViQ0=
8,-13,hQULjobaMN4NEeOtBqvr8MoId+k=,I97fBKtvDwHiRcIuqSDv1k3vS8Y=
9,-13,hQULjobaMN4NEeOtBqvr8MoId+k=,SiGeK70Uah+xd3CvaI/mHohDB+M=
10,-13,hQULjobaMN4NEeOtBqvr8MoId+k=,o7yZnjLi0rEBhi3xyDdbRicDAa8=
11,-13,hQULjobaMN4NEeOtBqvr8MoId+k=,y9Z67WpAfqpCwtvCPFYNjhHcguc=
12,-13,hQULjobaMN4NEeOtBqvr8MoId+k=,lGPQWqkSDj2kedr0YD5PqoMA7nw=
13,-13,hQULjobaMN4NEeOtBqvr8MoId+k=,ViGiKN6D/vLtFa9EHWxf29eUSiY=
14,-13,hQULjobaMN4NEeOtBqvr8MoId+k=,wRQhJQesWRpzxWqgL34SZoEEhYY=
0,-12,hQULjobaMN4NEeOtBqvr8MoId+k=,w/hmKLIl6ZvTc+b+6YyOaS9gTaE=
1,-12,hQULjobaMN4NEeOtBqvr8MoId+k=,bb/xmdahY4r5OW+jpU0RhMn4KzQ=
2,-12,hQULjobaMN4NEeOtBqvr8MoId+k=,k5f/LSQ9s+Q1fG9uZAux969p6KY=
3,-12,hQULjobaMN4NEeOtBqvr8MoId+k=,B7CbnOtAens4tPkFQsz+7eHx/84=
4,-12,hQULjobaMN4NEeOtBqvr8MoId+k=,IuEfNH5zp4yCH9ReiFOlYQE6xJA=
5,-12,hQULjobaMN4NEeOtBqvr8MoId+k=,571CnuRX1ozEg7vDvPMGR2tl5gg=
6,-12,hQULjobaMN4NEeOtBqvr8MoId+k=,JtuC5mu0oc/3QuHyryg4Sh4sj0s=
7,-12,hQULjobaMN4NEeOtBqvr8MoId+k=,O8WyxIlVUojePbSHSjvRRlVViQ0=
8,-12,hQULjobaMN4NEeOtBqvr8MoId+k=,I97fBKtvDwHiRcIuqSDv1k3vS8Y=
9,-12,hQULjobaMN4NEeOtBqvr8MoId+k=,u+1XYwzffrdXtOtVTHBDlYJWADY=
10,-12,hQULjobaMN4NEeOtBqvr8MoId+k=,y9Z67WpAfqpCwtvCPFYNjhHcguc=
11,-12,hQULjobaMN4NEeOtBqvr8MoId+k=,GntJwSwMLoBvGBEkoq0jt3l2iQE=
12,-12,hQULjobaMN4NEeOtBqvr8MoId+k=,P7c0TyWJ/sBNzCM86Op9lihjlf8=
13,-12,hQULjobaMN4NEeOtBqvr8MoId+k=,ViGiKN6D/vLtFa9EHWxf29eUSiY=
14,-12,hQULjobaMN4NEeOtBqvr8MoId+k=,wRQhJQesWRpzxWqgL34SZoEEhYY=
0,-11,hQULjobaMN4NEeOtBqvr8MoId+k=,w/hmKLIl6ZvTc+b+6YyOaS9gTaE=
1,-11,hQULjobaMN4NEeOtBqvr8MoId+k=,jTMjusj99FMcH6s9Eoi0l6FreWA=
2,-11,hQULjobaMN4NEeOtBqvr8MoId+k=,dtQdF0iL3CYwVFBcnbHbe/iPZ0Q=
3,-11,hQULjobaMN4NEeOtBqvr8MoId+k=,LkJPw68SXFo/vK1JbQBJISPL6i8=
4,-11,hQULjobaMN4NEeOtBqvr8MoId+k=,2fFSB3sW3o8sKgB0y//jYYfCbxk=
5,-11,hQULjobaMN4NEeOtBqvr8MoId+k=,wd0FtUCMvsaCWJZoXW51Yd8BVPQ=
6,-11,hQULjobaMN4NEeOtBqvr8MoId+k=,CMBzfAgOJi4+xC9cfMuhsGkFzsc=
7,-11,hQULjobaMN4NEeOtBqvr8MoId+k=,O8WyxIlVUojePbSHSjvRRlVViQ0=
8,-11,hQULjobaMN4NEeOtBqvr8MoId+k=,I97fBKtvDwHiRcIuqSDv1k3vS8Y=
9,-11,gsi1Fb2h1jujF4dmQ+eYBuETQr8=,wuMJ518vXw2dGk1WhSDpgnlSeVc=
10,-11,gsi1Fb2h1jujF4dmQ+eYBuETQr8=,nMq7+TMHu1VZoUhB58GcnL8b1TA=
11,-11,gsi1Fb2h1jujF4dmQ+eYBuETQr8=,nMq7+TMHu1VZoUhB58GcnL8b1TA=
12,-11,gsi1Fb2h1jujF4dmQ+eYBuETQr8=,hSY221aKbd7VF+xYGfISoV82fSE=
13,-11,gsi1Fb2h1jujF4dmQ+eYBuETQr8=,Ud1ojHcVPRjw1TjVMf+djpBL7aA=
14,-11,gsi1Fb2h1jujF4dmQ+eYBuETQr8=,wRQhJQesWRpzxWqgL34SZoEEhYY=
0,-10,gsi1Fb2h1jujF4dmQ+eYBuETQr8=,9wPI4mYj8VE+WdQOq1rlaUqlXeE=
1,-10,gsi1Fb2h1jujF4dmQ+eYBuETQr8=,LkJPw68SXFo/vK1JbQBJISPL6i8=
2,-10,gsi1Fb2h1jujF4dmQ+eYBuETQr8=,LkJPw68SXFo/vK1JbQBJISPL6i8=
3,-10,gsi1Fb2h1jujF4dmQ+eYBuETQr8=,LkJPw68SXFo/vK1JbQBJISPL6i8=
4,-10,gsi1Fb2h1jujF4dmQ+eYBuETQr8=,30Ez2ni5MMHY2RVSiC9fJH54TwY=
5,-10,gsi1Fb2h1jujF4dmQ+eYBuETQr8=,fJKkfAWhqdBxuV1SbcQ2vLJb99Q=
6,-10,gsi1Fb2h1jujF4dmQ+eYBuETQr8=,VotiNmGtQk3ZSy6vTEUSXhYCszo=
7,-10,gsi1Fb2h1jujF4dmQ+eYBuETQr8=,NTwJJrKXH1lhkYIYuQuZlmQ438s=
8,-10,gsi1Fb2h1jujF4dmQ+eYBuETQr8=,Ap+eE2TQy1i8cHNqn5jVII6xVjo=
9,-10,gsi1Fb2h1jujF4dmQ+eYBuETQr8=,DnedVGlGr2dUQUD96VOJI3NT6NA=
10,-10,gsi1Fb2h1jujF4dmQ+eYBuETQr8=,nMq7+TMHu1VZoUhB58GcnL8b1TA=
11,-10,gsi1Fb2h1jujF4dmQ+eYBuETQr8=,nMq7+TMHu1VZoUhB58GcnL8b1TA=
12,-10,gsi1Fb2h1jujF4dmQ+eYBuETQr8=,nMq7+TMHu1VZoUhB58GcnL8b1TA=
13,-10,gsi1Fb2h1jujF4dmQ+eYBuETQr8=,Op1gKlOVLRAEVIiT/JIWMa4l7ts=
14,-10,gsi1Fb2h1jujF4dmQ+eYBuETQr8=,wRQhJQesWRpzxWqgL34SZoEEhYY=
0,-9,gsi1Fb2h1jujF4dmQ+eYBuETQr8=,y2O+eDsBDu4LBex6zA4bMce21gs=
1,-9,gsi1Fb2h1jujF4dmQ+eYBuETQr8=,LkJPw68SXFo/vK1JbQBJISPL6i8=
2,-9,gsi1Fb2h1jujF4dmQ+eYBuETQr8=,LkJPw68SXFo/vK1JbQBJISPL6i8=
3,-9,gsi1Fb2h1jujF4dmQ+eYBuETQr8=,LkJPw68SXFo/vK1JbQBJISPL6i8=
4,-9,gsi1Fb2h1jujF4dmQ+eYBuETQr8=,LkJPw68SXFo/vK1JbQBJISPL6i8=
5,-9,gsi1Fb2h1jujF4dmQ+eYBuETQr8=,LkJPw68SXFo/vK1JbQBJISPL6i8=
6,-9,gsi1Fb2h1jujF4dmQ+eYBuETQr8=,oecvBIX1FM8tmG8bSifLu8c7LWo=
7,-9,gsi1Fb2h1jujF4dmQ+eYBuETQr8=,lDglZ72CjmT5rSJdwP1yUp7d0mA=
8,-9,gsi1Fb2h1jujF4dmQ+eYBuETQr8=,iFw8zIoXpT6j2r2Lu+9/OTTBlfw=
9,-9,gsi1Fb2h1jujF4dmQ+eYBuETQr8=,Ue78PkK8DYYoSuWkdnTlZnp98Ow=
10,-9,gsi1Fb2h1jujF4dmQ+eYBuETQr8=,ZzVBsuxbJrQSkaCHooCPjF01zUQ=
11,-9,gsi1Fb2h1jujF4dmQ+eYBuETQr8=,DNz/wIoaj+ntANQoy/tNe+y9wos=
12,-9,gsi1Fb2h1jujF4dmQ+eYBuETQr8=,DNz/wIoaj+ntANQoy/tNe+y9wos=
13,-9,gsi1Fb2h1jujF4dmQ+eYBuETQr8=,RFoB4UQcFrFM/wdmHdrQBYYk3/k=
14,-9,gsi1Fb2h1jujF4dmQ+eYBuETQr8=,wRQhJQesWRpzxWqgL34SZoEEhYY=
0,-8,gsi1Fb2h1jujF4dmQ+eYBuETQr8=,khA8XwDa1dFqZuydghfLOUYTJrU=
1,-8,gsi1Fb2h1jujF4dmQ+eYBuETQr8=,tgyDa1/eSy7gvL6gX3pTsYYb81A=
2,-8,gsi1Fb2h1jujF4dmQ+eYBuETQr8=,ah8w7HMC6nGAY9RUrteOlEnz6h4=
3,-8,gsi1Fb2h1jujF4dmQ+eYBuETQr8=,QAfidE6ZH3fl9ZQKvd6hdQXlOeo=
4,-8,gsi1Fb2h1jujF4dmQ+eYBuETQr8=,z/2GSvO5thSimcDGU5meqqwCWp4=
5,-8,gsi1Fb2h1jujF4dmQ+eYBuETQr8=,VPAxM8rvdfoBnI2K3L24dH923QI=
6,-8,gsi1Fb2h1jujF4dmQ+eYBuETQr8=,uUMMKFSpWfa/oaw8rC7M+2zaCf4=
7,-8,gsi1Fb2h1jujF4dmQ+eYBuETQr8=,fWegPreRsPIj7BrP9RSg1JbaFxA=
8,-8,gsi1Fb2h1jujF4dmQ+eYBuETQr8=,UDfHpsDJsvJqfNr3NEuPbkykfDM=
9,-8,gsi1Fb2h1jujF4dmQ+eYBuETQr8=,UDfHpsDJsvJqfNr3NEuPbkykfDM=
10,-8,gsi1Fb2h1jujF4dmQ+eYBuETQr8=,UDfHpsDJsvJqfNr3NEuPbkykfDM=
11,-8,gsi1Fb2h1jujF4dmQ+eYBuETQr8=,UDfHpsDJsvJqfNr3NEuPbkykfDM=
12,-8,gsi1Fb2h1jujF4dmQ+eYBuETQr8=,UDfHpsDJsvJqfNr3NEuPbkykfDM=
13,-8,gsi1Fb2h1jujF4dmQ+eYBuETQr8=,UDfHpsDJsvJqfNr3NEuPbkykfDM=
14,-8,gsi1Fb2h1jujF4dmQ+eYBuETQr8=,OKbUQFk8ysWeAKEq9Fo4Oq1g0R4=
0,-7,gsi1Fb2h1jujF4dmQ+eYBuETQr8=,mMyiAXE7RdcAmFXzC26VrdoZlog=
1,-7,gsi1Fb2h1jujF4dmQ+eYBuETQr8=,UVn9YKVcAPPc1qdLJT1Zkys05Wo=
2,-7,gsi1Fb2h1jujF4dmQ+eYBuETQr8=,rbV6oyCy3lI2lyiC89mWDz1u2Xc=
3,-7,gsi1Fb2h1jujF4dmQ+eYBuETQr8=,+/2iON+os6G6n8k0NcfD9ixH+Ac=
4,-7,gsi1Fb2h1jujF4dmQ+eYBuETQr8=,Nxj9OlfXiPIrZxHnqNZeixzzogo=
5,-7,gsi1Fb2h1jujF4dmQ+eYBuETQr8=,NKu/TFs3J8vSrnN2GrlOzdzpmhc=
6,-7,gsi1Fb2h1jujF4dmQ+eYBuETQr8=,KnauAVRPd8rgzzxN5e+ySbmw+a8=
7,-7,gsi1Fb2h1jujF4dmQ+eYBuETQr8=,hYgr4a+6vcFqQhONwWSS2LsjXV8=
8,-7,gsi1Fb2h1jujF4dmQ+eYBuETQr8=,UDfHpsDJsvJqfNr3NEuPbkykfDM=
9,-7,gsi1Fb2h1jujF4dmQ+eYBuETQr8=,JPWc79K23/PL3gfqyorqRrAqNK8=
10,-7,gsi1Fb2h1jujF4dmQ+eYBuETQr8=,U4JFTZlMnqLJadNhKiN4vXDVPAc=
11,-7,gsi1Fb2h1jujF4dmQ+eYBuETQr8=,UDfHpsDJsvJqfNr3NEuPbkykfDM=
12,-7,gsi1Fb2h1jujF4dmQ+eYBuETQr8=,UDfHpsDJsvJqfNr3NEuPbkykfDM=
13,-7,gsi1Fb2h1jujF4dmQ+eYBuETQr8=,UDfHpsDJsvJqfNr3NEuPbkykfDM=
14,-7,gsi1Fb2h1jujF4dmQ+eYBuETQr8=,OKbUQFk8ysWeAKEq9Fo4Oq1g0R4=
0,-6,gsi1Fb2h1jujF4dmQ+eYBuETQr8=,YjSQCFRFQn3syPZAZhQRwQUuXNE=
1,-6,gsi1Fb2h1jujF4dmQ+eYBuETQr8=,QAfidE6ZH3fl9ZQKvd6hdQXlOeo=
2,-6,gsi1Fb2h1jujF4dmQ+eYBuETQr8=,y51ZkSCUKDphhxIt4aXKR2G9Ya0=
3,-6,gsi1Fb2h1jujF4dmQ+eYBuETQr8=,/EFOy4tT9CJSgTvxA+Xxc/TdlPM=
4,-6,gsi1Fb2h1jujF4dmQ+eYBuETQr8=,NKu/TFs3J8vSrnN2GrlOzdzpmhc=
5,-6,gsi1Fb2h1jujF4dmQ+eYBuETQr8=,NKu/TFs3J8vSrnN2GrlOzdzpmhc=
6,-6,gsi1Fb2h1jujF4dmQ+eYBuETQr8=,KnauAVRPd8rgzzxN5e+ySbmw+a8=
7,-6,gsi1Fb2h1jujF4dmQ+eYBuETQr8=,hYgr4a+6vcFqQhONwWSS2LsjXV8=
8,-6,gsi1Fb2h1jujF4dmQ+eYBuETQr8=,JPWc79K23/PL3gfqyorqRrAqNK8=
9,-6,MvNhwt/ahKcpD6KhjaFaB81jvWg=,DkfhhHgjO/ctPwTuug51Go2lJSc=
10,-6,MvNhwt/ahKcpD6KhjaFaB81jvWg=,ffknHlM1+5qOXwQBFIA1cZyotJc=
11,-6,MvNhwt/ahKcpD6KhjaFaB81jvWg=,UDfHpsDJsvJqfNr3NEuPbkykfDM=
12,-6,MvNhwt/ahKcpD6KhjaFaB81jvWg=,UDfHpsDJsvJqfNr3NEuPbkykfDM=
0,-5,MvNhwt/ahKcpD6KhjaFaB81jvWg=,mIX/BK5/WG2FgLR2es/VBMz6bW0=
1,-5,MvNhwt/ahKcpD6KhjaFaB81jvWg=,/xo88fMskZvbiQWhxZ1Aj2Z5aDE=
2,-5,MvNhwt/ahKcpD6KhjaFaB81jvWg=,+d6/X4uufEcAOoaKt/PmEgT1tCM=
3,-5,MvNhwt/ahKcpD6KhjaFaB81jvWg=,Ayg2NEKP00N8G0aaNMQmzCrOKYk=
4,-5,MvNhwt/ahKcpD6KhjaFaB81jvWg=,uRfARj9eF5X4k+3qUal6ULqA2Fc=
5,-5,MvNhwt/ahKcpD6KhjaFaB81jvWg=,KPAUr167cPXtIqM+JbMIO/l/0wU=
6,-5,MvNhwt/ahKcpD6KhjaFaB81jvWg=,00+7dUbls04JM29y5SL+3OSWI40=
7,-5,MvNhwt/ahKcpD6KhjaFaB81jvWg=,en2d/s8SkMnR9/z2Nd9w7P8UHA8=
8,-5,MvNhwt/ahKcpD6KhjaFaB81jvWg=,YMUt1D4W8dyKrDMPk10dPZCxvBk=
9,-5,MvNhwt/ahKcpD6KhjaFaB81jvWg=,2sMvVuEyC+2MYANwCvgaeHI+xNA=
10,-5,MvNhwt/ahKcpD6KhjaFaB81jvWg=,ffknHlM1+5qOXwQBFIA1cZyotJc=
0,-4,MvNhwt/ahKcpD6KhjaFaB81jvWg=,gEIDwaYvk5fbrlYdt1a6MUfC+uE=
1,-4,MvNhwt/ahKcpD6KhjaFaB81jvWg=,Jp/HSwDl6wOJIhI4YHPRELJ1d5E=
2,-4,MvNhwt/ahKcpD6KhjaFaB81jvWg=,UVn9YKVcAPPc1qdLJT1Zkys05Wo=
3,-4,MvNhwt/ahKcpD6KhjaFaB81jvWg=,i95csO4xxknXuq0B5GOCEwV+Mi0=
4,-4,MvNhwt/ahKcpD6KhjaFaB81jvWg=,y5YbBM1kjaqGTOjoBL39Az6MPd0=
5,-4,MvNhwt/ahKcpD6KhjaFaB81jvWg=,k7qfGLsV8YaDHMyDnNbjqJt1izo=
6,-4,MvNhwt/ahKcpD6KhjaFaB81jvWg=,pyjRQszzkmfEFdDWUz311p3pQOo=
7,-4,MvNhwt/ahKcpD6KhjaFaB81jvWg=,i84ALKqQdij6XJYsIM36ZwIqm30=
8,-4,MvNhwt/ahKcpD6KhjaFaB81jvWg=,YMUt1D4W8dyKrDMPk10dPZCxvBk=
9,-4,MvNhwt/ahKcpD6KhjaFaB81jvWg=,2sMvVuEyC+2MYANwCvgaeHI+xNA=
10,-4,MvNhwt/ahKcpD6KhjaFaB81jvWg=,ffknHlM1+5qOXwQBFIA1cZyotJc=
0,-3,MvNhwt/ahKcpD6KhjaFaB81jvWg=,gEIDwaYvk5fbrlYdt1a6MUfC+uE=
1,-3,MvNhwt/ahKcpD6KhjaFaB81jvWg=,Jp/HSwDl6wOJIhI4YHPRELJ1d5E=
2,-3,MvNhwt/ahKcpD6KhjaFaB81jvWg=,UVn9YKVcAPPc1qdLJT1Zkys05Wo=
3,-3,MvNhwt/ahKcpD6KhjaFaB81jvWg=,i95csO4xxknXuq0B5GOCEwV+Mi0=
4,-3,MvNhwt/ahKcpD6KhjaFaB81jvWg=,y5YbBM1kjaqGTOjoBL39Az6MPd0=
5,-3,MvNhwt/ahKcpD6KhjaFaB81jvWg=,y5YbBM1kjaqGTOjoBL39Az6MPd0=
6,-3,MvNhwt/ahKcpD6KhjaFaB81jvWg=,cFgoMGHPqVV8bWknuGisN+K5520=
7,-3,MvNhwt/ahKcpD6KhjaFaB81jvWg=,i84ALKqQdij6XJYsIM36ZwIqm30=
8,-3,MvNhwt/ahKcpD6KhjaFaB81jvWg=,YMUt1D4W8dyKrDMPk10dPZCxvBk=
9,-3,MvNhwt/ahKcpD6KhjaFaB81jvWg=,2sMvVuEyC+2MYANwCvgaeHI+xNA=
10,-3,MvNhwt/ahKcpD6KhjaFaB81jvWg=,ffknHlM1+5qOXwQBFIA1cZyotJc=
0,-2,MvNhwt/ahKcpD6KhjaFaB81jvWg=,gEIDwaYvk5fbrlYdt1a6MUfC+uE=
1,-2,MvNhwt/ahKcpD6KhjaFaB81jvWg=,Jp/HSwDl6wOJIhI4YHPRELJ1d5E=
2,-2,MvNhwt/ahKcpD6KhjaFaB81jvWg=,UVn9YKVcAPPc1qdLJT1Zkys05Wo=
3,-2,MvNhwt/ahKcpD6KhjaFaB81jvWg=,i95csO4xxknXuq0B5GOCEwV+Mi0=
4,-2,MvNhwt/ahKcpD6KhjaFaB81jvWg=,y5YbBM1kjaqGTOjoBL39Az6MPd0=
5,-2,MvNhwt/ahKcpD6KhjaFaB81jvWg=,y5YbBM1kjaqGTOjoBL39Az6MPd0=
6,-2,MvNhwt/ahKcpD6KhjaFaB81jvWg=,cFgoMGHPqVV8bWknuGisN+K5520=
7,-2,MvNhwt/ahKcpD6KhjaFaB81jvWg=,i84ALKqQdij6XJYsIM36ZwIqm30=
8,-2,MvNhwt/ahKcpD6KhjaFaB81jvWg=,YMUt1D4W8dyKrDMPk10dPZCxvBk=
9,-2,MvNhwt/ahKcpD6KhjaFaB81jvWg=,7Yl/6xQKf229MOP7aKNacFQLzR0=
10,-2,MvNhwt/ahKcpD6KhjaFaB81jvWg=,PGlpfIc3wGY95d4kMDkd9bv3gn4=
0,-1,MvNhwt/ahKcpD6KhjaFaB81jvWg=,s4jOvXqW9tiU3+B6RFOIBOYi628=
1,-1,MvNhwt/ahKcpD6KhjaFaB81jvWg=,gU2mwJSBliaXYyYrtWXXvguh2tk=
2,-1,MvNhwt/ahKcpD6KhjaFaB81jvWg=,HHunBMBtTPXii8422SIQqs3oE9o=
3,-1,MvNhwt/ahKcpD6KhjaFaB81jvWg=,S4Za4NyBoq6lCuulRuwZU5gcUjk=
4,-1,MvNhwt/ahKcpD6KhjaFaB81jvWg=,Lprkf1J9rfqTZOut56WbhsgO9cg=
5,-1,MvNhwt/ahKcpD6KhjaFaB81jvWg=,Lprkf1J9rfqTZOut56WbhsgO9cg=
6,-1,MvNhwt/ahKcpD6KhjaFaB81jvWg=,0uIGs3/JhxoaZNNxvKbxosKHCvk=
7,-1,MvNhwt/ahKcpD6KhjaFaB81jvWg=,i84ALKqQdij6XJYsIM36ZwIqm30=
8,-1,MvNhwt/ahKcpD6KhjaFaB81jvWg=,xTifINjbvWyi4xc52vLapgQ5ubw=
9,-1,MvNhwt/ahKcpD6KhjaFaB81jvWg=,7o24PwqVCBpd2OUYK2PNRAA8Y1M=
10,-1,MvNhwt/ahKcpD6KhjaFaB81jvWg=,+lthgx+jFoF3+se3eUxoWd0NCak=
